{
    "Sols": {
        "x(0, 2, 1)": 0.9999999999999998,
        "x(1, P, 1)": 1.0,
        "x(2, 4, 1)": 1.0,
        "x(3, 1, 1)": 0.9999999999999998,
        "x(4, 5, 1)": 1.0,
        "x(5, F2, 1)": 1.0,
        "x(F2, 3, 1)": 1.0
    },
    "timeij": {
        "(0, 2)": 0.71,
        "(1, 'P')": 0.7,
        "(2, 4)": 0.74,
        "(3, 1)": 0.96,
        "(4, 5)": 0.69,
        "(5, 'F2')": 0.8,
        "('F2', 3)": 0.93
    },
    "demandi": {
        "0": 0,
        "1": 100,
        "2": 100,
        "3": 100,
        "4": 100,
        "5": 100,
        "F2": 0
    },
    "lijm": {
        "(0, 2, 1)": 500.0,
        "(1, 'P', 1)": 0.0,
        "(2, 4, 1)": 399.9999999999999,
        "(3, 1, 1)": 99.99999999999997,
        "(4, 5, 1)": 299.9999999999999,
        "(5, 'F2', 1)": 199.9999999999999,
        "('F2', 3, 1)": 199.9999999999999
    },
    "energy_costs": {
        "(0, 2)": 20000,
        "(1, 'P')": 20000,
        "(2, 4)": 20000,
        "(3, 1)": 20000,
        "(4, 5)": 20000,
        "(5, 'F2')": 20000,
        "('F2', 3)": 20000
    },
    "yim": {
        "(0, 1)": 90000.0,
        "(1, 1)": 31999.999999999993,
        "(2, 1)": 70000.0,
        "(3, 1)": 52000.0,
        "(4, 1)": 50000.0,
        "(5, 1)": 30000.0,
        "('F1', 1)": 90000.0,
        "('F2', 1)": 10000.0,
        "('P', 1)": 11999.999999999993
    },
    "low_battery": {
        "(1, 1)": 1.0,
        "(5, 1)": 1.0
    },
    "vim": {
        "(0, 1)": 90000.0,
        "('F2', 1)": 62000.0
    }
}