{
    "Sols": {
        "x(0, 4, 1)": 1.0,
        "x(1, 3, 1)": 1.0,
        "x(2, F2, 1)": 1.0,
        "x(3, P, 1)": 1.0,
        "x(4, 2, 1)": 1.0,
        "x(F2, 1, 1)": 1.0
    },
    "energy_costs": {
        "(0, 4)": 20000,
        "(1, 3)": 20000,
        "(2, 'F2')": 20000,
        "(3, 'P')": 20000,
        "(4, 2)": 20000,
        "('F2', 1)": 20000
    },
    "yim": {
        "(0, 1)": 90000.0,
        "(1, 1)": 52000.0,
        "(2, 1)": 50000.00000000199,
        "(3, 1)": 32000.0,
        "(4, 1)": 70000.0,
        "('P', 1)": 12000.0,
        "('F2', 1)": 30000.000000001994
    },
    "low_battery": {},
    "vim": {
        "(0, 1)": 90000.0,
        "('F2', 1)": 41999.99999999801
    }
}